{"initial_reset_timestamp": 1529922371.5785248, "timestamps": [1529922372.095883, 1529922373.6649783, 1529922377.3737562, 1529922379.6799173, 1529922382.8374062, 1529922386.5568817, 1529922390.7325566, 1529922392.9730027, 1529922396.4803298, 1529922399.3135135, 1529922406.2023473, 1529922410.4473722, 1529922416.6769364, 1529922422.2325394, 1529922427.745524, 1529922430.3592622, 1529922435.8761714, 1529922441.211078, 1529922446.465856, 1529922449.94026, 1529922454.5652697, 1529922457.635712, 1529922460.7788422, 1529922465.862022, 1529922470.3375173, 1529922473.04538, 1529922477.7871635, 1529922483.1069517, 1529922488.8393595, 1529922494.5226974, 1529922499.8705056, 1529922507.306775, 1529922516.1442163, 1529922522.273597, 1529922527.52207, 1529922534.4026892, 1529922546.1723108, 1529922564.2991848, 1529922577.3814487, 1529922592.0732996, 1529922602.7164779, 1529922612.3444653, 1529922617.2652762, 1529922629.8857841, 1529922635.9675825, 1529922649.271163, 1529922660.9794574, 1529922672.548662, 1529922683.611586, 1529922692.7539074, 1529922697.6294365, 1529922707.7297068, 1529922718.3835518, 1529922726.8916528, 1529922738.1046448, 1529922746.0957205, 1529922754.7587621, 1529922764.190037, 1529922773.2767315, 1529922788.8866568, 1529922794.5500343, 1529922805.8304603, 1529922818.1188507, 1529922823.5623608, 1529922833.1889963, 1529922839.443261, 1529922848.9338458, 1529922852.9659274, 1529922874.6350508, 1529922881.3727467, 1529922891.0542595, 1529922911.4342964, 1529922915.5478077, 1529922923.0448747, 1529922932.8841348, 1529922942.7702296, 1529922948.8558803, 1529922957.8893416, 1529922966.7837043, 1529922974.0249422, 1529922979.636515, 1529922985.8684027, 1529922993.4309926, 1529923000.732976, 1529923008.4309266, 1529923013.1761532, 1529923020.8114455, 1529923029.4398496, 1529923033.5993147, 1529923041.4182227, 1529923050.4816487], "episode_lengths": [204, 353, 279, 173, 232, 277, 312, 164, 186, 178, 436, 273, 389, 357, 349, 169, 343, 330, 331, 227, 286, 192, 187, 305, 273, 168, 286, 272, 352, 338, 320, 436, 517, 369, 315, 405, 697, 1000, 746, 830, 619, 564, 284, 727, 352, 768, 677, 679, 652, 539, 282, 610, 662, 492, 649, 453, 491, 551, 543, 902, 325, 648, 714, 308, 607, 375, 539, 228, 1260, 388, 556, 1174, 239, 437, 564, 583, 343, 517, 504, 419, 314, 361, 430, 410, 449, 274, 447, 502, 233, 452, 520], "episode_rewards": [1.0, 3.0, 2.0, 0.0, 1.0, 2.0, 3.0, 0.0, 0.0, 0.0, 5.0, 2.0, 4.0, 3.0, 3.0, 0.0, 3.0, 3.0, 2.0, 1.0, 2.0, 0.0, 0.0, 2.0, 2.0, 0.0, 2.0, 1.0, 3.0, 2.0, 2.0, 4.0, 3.0, 2.0, 0.0, 1.0, 3.0, 3.0, 3.0, 0.0, 2.0, 3.0, 0.0, 4.0, 3.0, 3.0, 3.0, 3.0, 3.0, 2.0, 0.0, 3.0, 1.0, 3.0, 2.0, 2.0, 3.0, 0.0, 0.0, 3.0, 0.0, 4.0, 3.0, 0.0, 2.0, 2.0, 4.0, 1.0, 1.0, 2.0, 5.0, 1.0, 0.0, 4.0, 4.0, 3.0, 0.0, 3.0, 2.0, 3.0, 2.0, 3.0, 3.0, 3.0, 2.0, 0.0, 3.0, 4.0, 0.0, 3.0, 2.0], "episode_types": ["t", "t", "t", "t", "t", "t", "t", "t", "t", "t", "t", "t", "t", "t", "t", "t", "t", "t", "t", "t", "t", "t", "t", "t", "t", "t", "t", "t", "t", "t", "t", "t", "t", "t", "t", "t", "t", "t", "t", "t", "t", "t", "t", "t", "t", "t", "t", "t", "t", "t", "t", "t", "t", "t", "t", "t", "t", "t", "t", "t", "t", "t", "t", "t", "t", "t", "t", "t", "t", "t", "t", "t", "t", "t", "t", "t", "t", "t", "t", "t", "t", "t", "t", "t", "t", "t", "t", "t", "t", "t", "t", "t"]}