{"initial_reset_timestamp": 1530239185.420394, "timestamps": [1530239186.2249575, 1530239189.8510723, 1530239192.9889631, 1530239196.0018446, 1530239198.8991427, 1530239205.0600767, 1530239210.804319, 1530239220.24608, 1530239224.4637685, 1530239229.3732314, 1530239232.50133, 1530239237.978088, 1530239242.8173382, 1530239247.005007, 1530239251.9150393, 1530239256.169246, 1530239261.867305, 1530239266.6081145, 1530239272.3877077, 1530239275.7096536, 1530239281.667713, 1530239285.84546, 1530239289.9564102, 1530239293.095281, 1530239297.0561297, 1530239300.2280574, 1530239304.950199, 1530239310.097212, 1530239313.0378137, 1530239318.169296, 1530239323.0361595, 1530239326.1440039, 1530239330.8030448, 1530239336.3853283, 1530239342.3021796, 1530239347.6291575, 1530239352.0479834, 1530239360.8718398, 1530239370.3203104, 1530239374.122845, 1530239384.1105351, 1530239387.7760186, 1530239393.4940822, 1530239401.3038323, 1530239406.4312274, 1530239418.585301, 1530239424.8179827, 1530239431.0005782, 1530239438.8635087, 1530239445.150675, 1530239453.2795532, 1530239472.67711, 1530239484.9383888, 1530239495.3618364, 1530239501.2819984, 1530239509.8031676, 1530239526.1172588, 1530239534.1404448, 1530239541.4850624, 1530239549.2701383, 1530239556.736532, 1530239562.570607, 1530239568.7798753, 1530239578.600643, 1530239585.8021421, 1530239597.0135808, 1530239610.1651657, 1530239619.3537378, 1530239634.4534874, 1530239643.8668005, 1530239654.2125962, 1530239663.3573933, 1530239670.2051833, 1530239675.0957494, 1530239684.4250917, 1530239690.926784, 1530239709.72612, 1530239720.7924092, 1530239727.2321243, 1530239734.1633668, 1530239746.0098684, 1530239750.5453937, 1530239764.6386454, 1530239772.6384797, 1530239779.3777804, 1530239784.416838, 1530239789.4686468, 1530239796.0374105, 1530239801.9272223, 1530239805.7417476, 1530239822.6859272, 1530239832.3639607, 1530239837.7280715, 1530239847.7686827, 1530239853.500912, 1530239859.7594562, 1530239869.2783575, 1530239873.8716488, 1530239882.409006, 1530239888.9046423, 1530239893.9904265, 1530239902.8282304, 1530239909.4352982, 1530239917.3458405, 1530239926.5824745, 1530239932.764092, 1530239942.268815, 1530239960.5455217, 1530239966.1357288], "episode_lengths": [292, 242, 180, 175, 173, 361, 329, 550, 256, 295, 183, 319, 293, 251, 283, 245, 326, 275, 341, 189, 340, 253, 233, 183, 256, 200, 287, 313, 174, 270, 278, 196, 262, 300, 320, 300, 254, 521, 519, 213, 571, 202, 335, 443, 262, 674, 347, 347, 413, 340, 439, 1069, 678, 560, 334, 440, 935, 442, 401, 416, 401, 322, 319, 510, 401, 612, 679, 483, 774, 482, 537, 449, 372, 283, 537, 359, 1020, 614, 342, 382, 645, 241, 779, 484, 429, 291, 277, 392, 340, 212, 926, 535, 322, 536, 311, 359, 504, 292, 485, 362, 315, 477, 357, 435, 495, 327, 492, 998, 293], "episode_rewards": [2.0, 1.0, 0.0, 0.0, 0.0, 3.0, 3.0, 6.0, 1.0, 2.0, 0.0, 2.0, 2.0, 2.0, 2.0, 1.0, 2.0, 2.0, 3.0, 0.0, 3.0, 1.0, 1.0, 0.0, 1.0, 0.0, 2.0, 2.0, 0.0, 1.0, 2.0, 0.0, 1.0, 1.0, 0.0, 0.0, 0.0, 4.0, 2.0, 1.0, 1.0, 0.0, 0.0, 2.0, 0.0, 2.0, 0.0, 1.0, 0.0, 0.0, 1.0, 0.0, 0.0, 0.0, 0.0, 2.0, 3.0, 2.0, 1.0, 0.0, 1.0, 0.0, 2.0, 0.0, 0.0, 2.0, 0.0, 0.0, 0.0, 2.0, 2.0, 2.0, 0.0, 0.0, 1.0, 1.0, 2.0, 1.0, 0.0, 0.0, 1.0, 1.0, 3.0, 2.0, 1.0, 0.0, 0.0, 3.0, 0.0, 0.0, 0.0, 1.0, 3.0, 3.0, 0.0, 0.0, 1.0, 0.0, 1.0, 0.0, 1.0, 2.0, 1.0, 2.0, 0.0, 1.0, 1.0, 1.0, 0.0], "episode_types": ["t", "t", "t", "t", "t", "t", "t", "t", "t", "t", "t", "t", "t", "t", "t", "t", "t", "t", "t", "t", "t", "t", "t", "t", "t", "t", "t", "t", "t", "t", "t", "t", "t", "t", "t", "t", "t", "t", "t", "t", "t", "t", "t", "t", "t", "t", "t", "t", "t", "t", "t", "t", "t", "t", "t", "t", "t", "t", "t", "t", "t", "t", "t", "t", "t", "t", "t", "t", "t", "t", "t", "t", "t", "t", "t", "t", "t", "t", "t", "t", "t", "t", "t", "t", "t", "t", "t", "t", "t", "t", "t", "t", "t", "t", "t", "t", "t", "t", "t", "t", "t", "t", "t", "t", "t", "t", "t", "t", "t", "t"]}