{"initial_reset_timestamp": 1530244706.0068073, "timestamps": [1530244707.0032494, 1530244708.873616, 1530244713.3118856, 1530244716.0045497, 1530244718.7176461, 1530244723.1583009, 1530244726.1671548, 1530244731.6273203, 1530244735.8911078, 1530244739.6018593, 1530244744.5467181, 1530244747.4783654, 1530244751.384153, 1530244755.2724755, 1530244759.695005, 1530244764.1190515, 1530244767.6780798, 1530244770.4961197, 1530244779.6935115, 1530244782.5334685, 1530244787.0234501, 1530244789.720449, 1530244792.6960497, 1530244798.8294659, 1530244801.8329117, 1530244805.47921, 1530244809.5124898, 1530244813.4914484, 1530244818.117863, 1530244823.516872, 1530244829.153356, 1530244834.3413084, 1530244838.514645, 1530244846.1112008, 1530244850.6511676, 1530244855.316009, 1530244862.892163, 1530244870.2579358, 1530244881.8392344, 1530244888.7042348, 1530244896.5119617, 1530244913.217603, 1530244918.6834998, 1530244928.060671, 1530244938.0924573, 1530244946.878627, 1530244955.4548137, 1530244960.8015513, 1530244971.0087945, 1530244975.3737364, 1530244981.8670115, 1530244987.723028, 1530244993.432346, 1530245003.3829765, 1530245012.0019684, 1530245016.552431, 1530245022.2549727, 1530245027.3200715, 1530245031.6858997, 1530245042.7192378, 1530245053.16692, 1530245058.9177635, 1530245063.2188094, 1530245069.5512836, 1530245075.8711755, 1530245082.085217, 1530245090.4692883, 1530245100.9786475, 1530245105.6682365, 1530245122.4352086, 1530245136.8885808, 1530245145.5108733, 1530245152.6394923, 1530245157.7422442, 1530245166.6907318, 1530245172.02308, 1530245177.9771109, 1530245182.395717, 1530245193.1507397, 1530245204.6138551, 1530245214.2686243, 1530245219.6091871, 1530245225.7525537, 1530245231.2197714, 1530245239.774816, 1530245243.248137, 1530245247.9827871, 1530245258.0369473, 1530245267.222118, 1530245272.9079387, 1530245276.4244943, 1530245284.2696579, 1530245290.343067, 1530245295.5002966, 1530245301.0650294, 1530245310.995105, 1530245316.027009, 1530245322.0593588, 1530245327.1673563, 1530245336.4871368, 1530245343.798403, 1530245356.606206, 1530245363.4736462, 1530245369.0067017, 1530245375.03643, 1530245379.0170493, 1530245387.3672743, 1530245392.6626203, 1530245397.0716646, 1530245400.9397223, 1530245408.2701752, 1530245411.7864215, 1530245415.8272219, 1530245420.0643966, 1530245424.3935742, 1530245431.9333942, 1530245442.994021, 1530245449.449204, 1530245454.1151056, 1530245456.6492212, 1530245461.3140194, 1530245466.2516272, 1530245474.7109244, 1530245478.6460133, 1530245483.850796, 1530245489.8333855, 1530245494.3301368, 1530245497.890377, 1530245507.300725, 1530245512.6543317, 1530245518.3878865, 1530245522.0401218, 1530245527.0723035, 1530245532.0383353, 1530245539.0303874, 1530245543.5582664, 1530245550.906875, 1530245557.8176796, 1530245565.46026, 1530245570.4580746, 1530245575.2880878, 1530245579.6951675, 1530245584.858437, 1530245589.1187744, 1530245592.879414, 1530245595.7345667, 1530245606.0404403, 1530245614.2115338, 1530245619.1038768, 1530245623.2826765, 1530245629.8807242, 1530245637.177411, 1530245641.1706488, 1530245647.801789, 1530245653.5819373, 1530245663.8866806, 1530245670.0059407, 1530245676.8383536, 1530245684.539563, 1530245687.8938165, 1530245690.8287964, 1530245694.6044939, 1530245702.3131113, 1530245705.7071598, 1530245709.1911554, 1530245715.365648, 1530245718.6808417, 1530245722.6456816, 1530245726.688149, 1530245729.469974, 1530245735.4832535, 1530245741.3111212, 1530245746.2754204, 1530245753.1628761, 1530245758.0251613, 1530245761.879228, 1530245765.7180212, 1530245772.6964688, 1530245777.6341696, 1530245784.1170297, 1530245786.5632274, 1530245793.7578082, 1530245797.6937313, 1530245803.6795347, 1530245807.0891826, 1530245810.319746, 1530245814.0862908, 1530245817.3182817, 1530245824.8774905, 1530245830.6357267, 1530245833.8992608, 1530245837.0553913, 1530245843.0733073, 1530245846.5936728, 1530245849.6252518, 1530245853.4986906, 1530245861.4930465, 1530245864.1340907, 1530245866.2228062, 1530245869.7674432, 1530245873.1968598, 1530245878.4625907, 1530245882.2994747, 1530245888.0348952, 1530245892.8462422, 1530245895.6852617, 1530245899.4866066, 1530245904.0138717, 1530245908.7219858, 1530245913.014011, 1530245917.2673738, 1530245923.319833, 1530245929.373319, 1530245934.1756327], "episode_lengths": [344, 236, 298, 173, 174, 279, 188, 339, 273, 230, 307, 182, 232, 238, 264, 277, 220, 170, 559, 172, 289, 186, 178, 339, 191, 221, 251, 178, 268, 318, 319, 303, 240, 427, 255, 264, 437, 423, 656, 387, 431, 953, 305, 545, 556, 495, 482, 310, 581, 244, 406, 407, 391, 584, 500, 267, 315, 284, 236, 623, 580, 309, 240, 349, 298, 343, 479, 591, 269, 924, 819, 478, 394, 283, 481, 289, 325, 242, 627, 675, 545, 312, 364, 310, 473, 190, 260, 556, 497, 328, 208, 459, 360, 291, 309, 543, 272, 318, 287, 527, 420, 690, 376, 394, 384, 259, 535, 355, 331, 291, 503, 242, 291, 293, 287, 563, 693, 421, 310, 170, 369, 384, 666, 312, 411, 344, 307, 261, 613, 341, 406, 262, 371, 323, 483, 349, 537, 456, 491, 344, 371, 330, 389, 323, 282, 218, 791, 613, 372, 325, 513, 568, 308, 510, 446, 810, 475, 529, 596, 265, 229, 292, 605, 268, 273, 487, 257, 317, 324, 222, 486, 469, 391, 539, 388, 311, 308, 563, 396, 506, 187, 569, 314, 475, 275, 258, 303, 256, 590, 457, 270, 261, 504, 290, 247, 301, 616, 216, 171, 291, 274, 434, 309, 472, 382, 226, 284, 308, 311, 273, 265, 384, 396, 303], "episode_rewards": [3.0, 1.0, 2.0, 0.0, 0.0, 2.0, 0.0, 3.0, 2.0, 0.0, 2.0, 0.0, 1.0, 1.0, 1.0, 2.0, 1.0, 0.0, 9.0, 0.0, 2.0, 0.0, 0.0, 3.0, 0.0, 0.0, 1.0, 0.0, 1.0, 2.0, 2.0, 1.0, 1.0, 2.0, 0.0, 1.0, 2.0, 3.0, 2.0, 2.0, 1.0, 7.0, 2.0, 2.0, 1.0, 3.0, 2.0, 1.0, 2.0, 2.0, 1.0, 7.0, 3.0, 4.0, 0.0, 2.0, 3.0, 0.0, 2.0, 3.0, 4.0, 2.0, 2.0, 1.0, 0.0, 3.0, 5.0, 3.0, 2.0, 3.0, 2.0, 3.0, 5.0, 0.0, 1.0, 2.0, 3.0, 2.0, 6.0, 2.0, 5.0, 0.0, 2.0, 0.0, 8.0, 0.0, 2.0, 5.0, 3.0, 3.0, 0.0, 5.0, 2.0, 3.0, 0.0, 2.0, 2.0, 1.0, 2.0, 6.0, 4.0, 3.0, 4.0, 3.0, 3.0, 2.0, 6.0, 1.0, 2.0, 3.0, 1.0, 2.0, 3.0, 2.0, 2.0, 6.0, 7.0, 4.0, 3.0, 0.0, 3.0, 2.0, 15.0, 1.0, 3.0, 4.0, 1.0, 2.0, 7.0, 1.0, 4.0, 2.0, 4.0, 3.0, 10.0, 3.0, 4.0, 6.0, 6.0, 3.0, 3.0, 0.0, 3.0, 1.0, 2.0, 1.0, 7.0, 7.0, 2.0, 3.0, 0.0, 28.0, 0.0, 7.0, 6.0, 10.0, 4.0, 2.0, 5.0, 1.0, 0.0, 2.0, 4.0, 0.0, 2.0, 4.0, 2.0, 3.0, 2.0, 1.0, 2.0, 3.0, 3.0, 4.0, 12.0, 2.0, 0.0, 8.0, 3.0, 2.0, 0.0, 4.0, 3.0, 4.0, 1.0, 1.0, 3.0, 2.0, 1.0, 5.0, 2.0, 2.0, 5.0, 2.0, 1.0, 2.0, 3.0, 1.0, 0.0, 2.0, 2.0, 4.0, 1.0, 2.0, 4.0, 1.0, 2.0, 1.0, 2.0, 2.0, 2.0, 4.0, 2.0, 2.0], "episode_types": ["t", "t", "t", "t", "t", "t", "t", "t", "t", "t", "t", "t", "t", "t", "t", "t", "t", "t", "t", "t", "t", "t", "t", "t", "t", "t", "t", "t", "t", "t", "t", "t", "t", "t", "t", "t", "t", "t", "t", "t", "t", "t", "t", "t", "t", "t", "t", "t", "t", "t", "t", "t", "t", "t", "t", "t", "t", "t", "t", "t", "t", "t", "t", "t", "t", "t", "t", "t", "t", "t", "t", "t", "t", "t", "t", "t", "t", "t", "t", "t", "t", "t", "t", "t", "t", "t", "t", "t", "t", "t", "t", "t", "t", "t", "t", "t", "t", "t", "t", "t", "t", "t", "t", "t", "t", "t", "t", "t", "t", "t", "t", "t", "t", "t", "t", "t", "t", "t", "t", "t", "t", "t", "t", "t", "t", "t", "t", "t", "t", "t", "t", "t", "t", "t", "t", "t", "t", "t", "t", "t", "t", "t", "t", "t", "t", "t", "t", "t", "t", "t", "t", "t", "t", "t", "t", "t", "t", "t", "t", "t", "t", "t", "t", "t", "t", "t", "t", "t", "t", "t", "t", "t", "t", "t", "t", "t", "t", "t", "t", "t", "t", "t", "t", "t", "t", "t", "t", "t", "t", "t", "t", "t", "t", "t", "t", "t", "t", "t", "t", "t", "t", "t", "t", "t", "t", "t", "t", "t", "t", "t", "t", "t", "t", "t", "t"]}