{"initial_reset_timestamp": 1530242407.7232873, "timestamps": [1530242408.4434617, 1530242409.545102, 1530242412.945995, 1530242415.7367435, 1530242418.4674792, 1530242423.0384393, 1530242425.669367, 1530242430.2266932, 1530242434.6136806, 1530242439.3909967, 1530242442.2405994, 1530242447.306132, 1530242450.3928351, 1530242453.4080887, 1530242458.7079883, 1530242463.0481803, 1530242468.2562995, 1530242473.1168773, 1530242477.868053, 1530242481.8370764, 1530242484.9329967, 1530242489.8899612, 1530242492.6285858, 1530242499.618303, 1530242503.2444394, 1530242507.0064757, 1530242513.2168102, 1530242519.2377174, 1530242522.7602642, 1530242526.2794616, 1530242531.978377, 1530242538.248883, 1530242543.5999975, 1530242548.658858, 1530242554.2098696, 1530242560.359657, 1530242566.2405, 1530242571.1120248, 1530242583.2028224, 1530242590.0035872, 1530242601.4351428, 1530242607.3937144, 1530242614.9339218, 1530242618.258383, 1530242627.6170743, 1530242636.6794987, 1530242650.8158817, 1530242660.481294, 1530242665.207733, 1530242673.7605495, 1530242687.2750244, 1530242694.8509073, 1530242709.769449, 1530242717.3828323, 1530242728.9761097, 1530242751.1676323, 1530242755.697998, 1530242770.4635372, 1530242783.519506, 1530242789.5428495, 1530242805.0441499, 1530242812.086317, 1530242815.16044, 1530242822.4325373, 1530242828.4489548, 1530242832.9542975, 1530242837.9580703, 1530242847.3839107, 1530242855.2798283, 1530242863.9273107, 1530242868.3436167, 1530242875.401688, 1530242884.6318145, 1530242891.9861524, 1530242897.5587404, 1530242903.8128223, 1530242909.736283, 1530242916.6075113, 1530242925.0086124, 1530242934.3690238, 1530242942.126831, 1530242952.6226623, 1530242956.3076775, 1530242965.9542782, 1530242972.7354429, 1530242978.4704716, 1530242994.6750047, 1530243001.3168643, 1530243009.5556748, 1530243023.4726415, 1530243031.6270645, 1530243039.9159822, 1530243044.7555158, 1530243049.8404105, 1530243052.731329, 1530243060.2282023, 1530243065.0852022, 1530243070.02665, 1530243075.4717786, 1530243080.7168112, 1530243085.6129782, 1530243093.9833975, 1530243099.5249007, 1530243104.9577818, 1530243109.9356022, 1530243118.3026016, 1530243125.8413854, 1530243133.1983044, 1530243139.0564492, 1530243143.874078, 1530243148.486714, 1530243158.4743612, 1530243165.1507742], "episode_lengths": [244, 276, 241, 169, 177, 289, 169, 281, 290, 300, 174, 315, 185, 187, 325, 262, 316, 290, 278, 242, 188, 288, 174, 420, 216, 225, 364, 374, 192, 203, 342, 358, 320, 302, 308, 336, 329, 277, 666, 371, 632, 320, 405, 183, 514, 500, 710, 571, 303, 540, 757, 392, 959, 470, 715, 1384, 281, 715, 675, 316, 865, 344, 181, 414, 273, 245, 310, 578, 481, 536, 266, 438, 482, 407, 320, 342, 301, 418, 527, 584, 482, 580, 220, 602, 427, 349, 904, 387, 451, 801, 513, 554, 340, 361, 211, 505, 384, 400, 434, 415, 386, 644, 437, 426, 395, 677, 549, 523, 400, 370, 345, 728, 467], "episode_rewards": [2.0, 2.0, 1.0, 0.0, 0.0, 2.0, 0.0, 2.0, 2.0, 2.0, 0.0, 2.0, 0.0, 0.0, 3.0, 2.0, 3.0, 2.0, 2.0, 1.0, 0.0, 2.0, 0.0, 4.0, 0.0, 1.0, 3.0, 3.0, 0.0, 0.0, 3.0, 3.0, 2.0, 1.0, 2.0, 1.0, 0.0, 0.0, 0.0, 2.0, 3.0, 0.0, 1.0, 0.0, 2.0, 0.0, 2.0, 0.0, 2.0, 0.0, 1.0, 2.0, 4.0, 3.0, 3.0, 2.0, 1.0, 4.0, 0.0, 1.0, 2.0, 1.0, 0.0, 2.0, 1.0, 0.0, 1.0, 4.0, 4.0, 1.0, 2.0, 3.0, 4.0, 0.0, 0.0, 0.0, 1.0, 0.0, 0.0, 2.0, 4.0, 0.0, 1.0, 2.0, 3.0, 2.0, 4.0, 3.0, 0.0, 0.0, 4.0, 0.0, 0.0, 0.0, 1.0, 3.0, 0.0, 4.0, 2.0, 3.0, 0.0, 2.0, 1.0, 2.0, 2.0, 0.0, 2.0, 4.0, 0.0, 1.0, 4.0, 5.0, 2.0], "episode_types": ["t", "t", "t", "t", "t", "t", "t", "t", "t", "t", "t", "t", "t", "t", "t", "t", "t", "t", "t", "t", "t", "t", "t", "t", "t", "t", "t", "t", "t", "t", "t", "t", "t", "t", "t", "t", "t", "t", "t", "t", "t", "t", "t", "t", "t", "t", "t", "t", "t", "t", "t", "t", "t", "t", "t", "t", "t", "t", "t", "t", "t", "t", "t", "t", "t", "t", "t", "t", "t", "t", "t", "t", "t", "t", "t", "t", "t", "t", "t", "t", "t", "t", "t", "t", "t", "t", "t", "t", "t", "t", "t", "t", "t", "t", "t", "t", "t", "t", "t", "t", "t", "t", "t", "t", "t", "t", "t", "t", "t", "t", "t", "t", "t", "t"]}