{"initial_reset_timestamp": 1530243170.9240603, "timestamps": [1530243171.5920181, 1530243172.3991814, 1530243174.2057204, 1530243179.8801103, 1530243183.9491508, 1530243186.2942722, 1530243189.0687444, 1530243191.4772787, 1530243194.4358625, 1530243198.1932578, 1530243200.9298494, 1530243204.9119477, 1530243208.934763, 1530243213.2758644, 1530243219.2869992, 1530243222.6693945, 1530243230.6621635, 1530243236.2519898, 1530243241.0566912, 1530243245.2555764, 1530243249.7475383, 1530243252.830947, 1530243255.9201913, 1530243260.2237442, 1530243264.8544133, 1530243268.01296, 1530243270.8162248, 1530243282.2835777, 1530243292.7698321, 1530243298.8672752, 1530243303.011112, 1530243308.2614672, 1530243312.381037, 1530243318.1892674, 1530243323.3204982, 1530243329.8140273, 1530243333.4423203, 1530243341.6009674, 1530243350.1917462, 1530243359.8994167, 1530243366.8613305, 1530243372.7082667, 1530243382.877797, 1530243389.438344, 1530243397.8571823, 1530243401.9850492, 1530243412.1003644, 1530243419.4171915, 1530243432.3514493, 1530243441.7380764, 1530243452.4783325, 1530243460.106062, 1530243470.5749164, 1530243478.46267, 1530243491.349452, 1530243496.04596, 1530243503.1165137, 1530243510.2196853, 1530243521.258963, 1530243528.537604, 1530243533.9109743, 1530243540.332337, 1530243546.3347561, 1530243552.0416677, 1530243559.1200187, 1530243563.7243223, 1530243568.7754269, 1530243575.949948, 1530243582.4518902, 1530243589.1806085, 1530243595.5183375, 1530243601.9313037, 1530243607.5334065, 1530243614.1938686, 1530243621.3998513, 1530243626.1763544, 1530243632.555633, 1530243637.0954504, 1530243645.4868588, 1530243650.1305916, 1530243657.3134942, 1530243666.506587, 1530243672.9922519, 1530243685.6527104, 1530243691.9515321, 1530243697.5506933, 1530243702.594622, 1530243712.842383, 1530243720.3786547, 1530243728.320256, 1530243735.8239985, 1530243741.5907905, 1530243747.2617555, 1530243755.019802, 1530243761.7895207, 1530243765.8653457, 1530243776.273467, 1530243780.559042, 1530243785.9950435, 1530243793.1749096, 1530243801.7055242, 1530243807.5924494, 1530243813.1274164, 1530243816.453165, 1530243824.2123349, 1530243829.6131077, 1530243835.2264643, 1530243841.1423786, 1530243846.591559, 1530243852.1113305, 1530243857.11369, 1530243860.186382, 1530243867.2800193, 1530243875.4020703, 1530243879.925671, 1530243885.5472293, 1530243891.8168256, 1530243895.9996421, 1530243900.7075133, 1530243905.7236366, 1530243909.696359, 1530243918.9571078, 1530243924.8861184, 1530243930.4063363, 1530243935.2821243, 1530243945.700519, 1530243953.6999774, 1530243960.2688468, 1530243969.8620617, 1530243986.5752409, 1530243993.0191047, 1530244000.2335114, 1530244009.014897, 1530244014.3298154, 1530244023.6245544, 1530244031.505996, 1530244040.2515903, 1530244044.5802755, 1530244050.758674, 1530244056.6037903, 1530244062.770009, 1530244066.7823062, 1530244073.1745608, 1530244079.9291518, 1530244086.4407263, 1530244091.922807, 1530244101.1429045, 1530244110.0554419, 1530244115.3987813, 1530244122.0787876, 1530244127.0390613, 1530244133.8013194, 1530244139.4264967, 1530244145.668421, 1530244151.0451524, 1530244156.3151827, 1530244161.1571193, 1530244170.8637693, 1530244175.1477528, 1530244179.7695465, 1530244186.2565606, 1530244190.1047974, 1530244194.049988, 1530244202.0532534, 1530244208.2919438, 1530244213.4672918, 1530244220.229724, 1530244226.1730084, 1530244230.324297, 1530244234.5931253, 1530244243.1448348, 1530244250.941607, 1530244256.736882, 1530244263.0278559, 1530244265.8890417, 1530244270.1943028, 1530244276.6809604, 1530244283.3199031, 1530244286.1577241, 1530244290.376034, 1530244296.549724, 1530244299.2109363, 1530244302.482129, 1530244313.1648488, 1530244317.5553026, 1530244328.4128735, 1530244332.967142, 1530244335.6897721, 1530244340.8951952, 1530244345.4512916, 1530244352.7358842, 1530244358.1818597, 1530244365.390082, 1530244370.8071752, 1530244379.8662517, 1530244383.5113862, 1530244388.0048866, 1530244391.4896462, 1530244395.7542021, 1530244407.563382, 1530244411.0931444, 1530244425.6473706, 1530244435.4621048, 1530244439.0843265, 1530244442.1933122, 1530244448.6065958, 1530244453.0734248, 1530244465.3042157, 1530244473.0396974, 1530244477.483585, 1530244483.4565039, 1530244495.6241682, 1530244502.8161476, 1530244506.246038, 1530244525.9627943, 1530244530.8899627, 1530244540.2525563, 1530244546.348428, 1530244554.2697377, 1530244568.8151205], "episode_lengths": [168, 263, 186, 418, 314, 168, 203, 182, 187, 231, 168, 251, 243, 266, 355, 197, 496, 338, 283, 250, 272, 181, 175, 245, 265, 184, 167, 563, 601, 349, 245, 300, 227, 330, 268, 356, 205, 466, 481, 581, 351, 337, 577, 357, 487, 225, 549, 398, 714, 519, 592, 399, 561, 419, 721, 254, 396, 395, 609, 409, 293, 346, 329, 308, 302, 259, 269, 399, 366, 372, 340, 345, 304, 366, 396, 260, 344, 257, 425, 275, 390, 456, 311, 711, 344, 278, 303, 497, 467, 422, 475, 287, 300, 394, 329, 211, 548, 279, 332, 442, 420, 386, 366, 261, 514, 336, 401, 400, 371, 351, 374, 196, 540, 542, 355, 426, 458, 285, 349, 355, 313, 506, 333, 336, 298, 470, 421, 358, 593, 903, 402, 363, 486, 278, 474, 490, 529, 313, 404, 386, 394, 253, 393, 407, 404, 330, 570, 577, 337, 419, 310, 414, 342, 391, 332, 331, 302, 615, 276, 293, 402, 246, 247, 505, 393, 309, 428, 361, 270, 265, 399, 368, 269, 399, 171, 266, 402, 453, 186, 313, 484, 205, 198, 686, 288, 701, 281, 210, 403, 372, 599, 383, 483, 351, 590, 227, 270, 218, 272, 749, 225, 911, 611, 225, 201, 408, 284, 752, 495, 279, 368, 762, 446, 215, 1286, 372, 680, 489, 636, 1165], "episode_rewards": [0.0, 2.0, 0.0, 5.0, 2.0, 0.0, 1.0, 0.0, 0.0, 1.0, 0.0, 1.0, 1.0, 2.0, 3.0, 0.0, 8.0, 3.0, 2.0, 1.0, 2.0, 0.0, 0.0, 1.0, 1.0, 0.0, 0.0, 6.0, 6.0, 3.0, 1.0, 2.0, 0.0, 0.0, 0.0, 3.0, 0.0, 3.0, 0.0, 1.0, 2.0, 2.0, 4.0, 0.0, 0.0, 1.0, 2.0, 2.0, 1.0, 2.0, 4.0, 3.0, 1.0, 1.0, 3.0, 1.0, 0.0, 3.0, 3.0, 2.0, 1.0, 2.0, 2.0, 0.0, 2.0, 0.0, 0.0, 1.0, 2.0, 1.0, 0.0, 2.0, 2.0, 2.0, 3.0, 2.0, 2.0, 0.0, 2.0, 1.0, 0.0, 2.0, 0.0, 2.0, 2.0, 2.0, 0.0, 4.0, 4.0, 1.0, 2.0, 0.0, 1.0, 1.0, 1.0, 1.0, 2.0, 2.0, 2.0, 2.0, 1.0, 3.0, 3.0, 0.0, 3.0, 0.0, 2.0, 2.0, 1.0, 0.0, 3.0, 0.0, 3.0, 2.0, 2.0, 2.0, 0.0, 2.0, 3.0, 2.0, 0.0, 3.0, 2.0, 2.0, 2.0, 3.0, 2.0, 3.0, 6.0, 4.0, 2.0, 2.0, 3.0, 1.0, 4.0, 3.0, 3.0, 0.0, 2.0, 3.0, 0.0, 0.0, 2.0, 2.0, 4.0, 1.0, 3.0, 2.0, 2.0, 2.0, 2.0, 3.0, 2.0, 4.0, 3.0, 3.0, 2.0, 3.0, 0.0, 2.0, 2.0, 0.0, 0.0, 3.0, 3.0, 3.0, 3.0, 2.0, 0.0, 2.0, 2.0, 2.0, 2.0, 3.0, 0.0, 0.0, 4.0, 3.0, 0.0, 2.0, 4.0, 0.0, 0.0, 4.0, 2.0, 6.0, 0.0, 0.0, 3.0, 2.0, 3.0, 2.0, 3.0, 2.0, 5.0, 1.0, 2.0, 0.0, 0.0, 3.0, 0.0, 3.0, 4.0, 0.0, 0.0, 2.0, 2.0, 3.0, 2.0, 2.0, 3.0, 4.0, 2.0, 0.0, 4.0, 2.0, 6.0, 3.0, 4.0, 3.0], "episode_types": ["t", "t", "t", "t", "t", "t", "t", "t", "t", "t", "t", "t", "t", "t", "t", "t", "t", "t", "t", "t", "t", "t", "t", "t", "t", "t", "t", "t", "t", "t", "t", "t", "t", "t", "t", "t", "t", "t", "t", "t", "t", "t", "t", "t", "t", "t", "t", "t", "t", "t", "t", "t", "t", "t", "t", "t", "t", "t", "t", "t", "t", "t", "t", "t", "t", "t", "t", "t", "t", "t", "t", "t", "t", "t", "t", "t", "t", "t", "t", "t", "t", "t", "t", "t", "t", "t", "t", "t", "t", "t", "t", "t", "t", "t", "t", "t", "t", "t", "t", "t", "t", "t", "t", "t", "t", "t", "t", "t", "t", "t", "t", "t", "t", "t", "t", "t", "t", "t", "t", "t", "t", "t", "t", "t", "t", "t", "t", "t", "t", "t", "t", "t", "t", "t", "t", "t", "t", "t", "t", "t", "t", "t", "t", "t", "t", "t", "t", "t", "t", "t", "t", "t", "t", "t", "t", "t", "t", "t", "t", "t", "t", "t", "t", "t", "t", "t", "t", "t", "t", "t", "t", "t", "t", "t", "t", "t", "t", "t", "t", "t", "t", "t", "t", "t", "t", "t", "t", "t", "t", "t", "t", "t", "t", "t", "t", "t", "t", "t", "t", "t", "t", "t", "t", "t", "t", "t", "t", "t", "t", "t", "t", "t", "t", "t", "t", "t", "t", "t", "t", "t", "t"]}